"Country Code","Region","IncomeGroup","SpecialNotes","TableName",
"ABW","Latin America & Caribbean","High income","Central Bureau of Statistics and Central Bank of Aruba ; Source of population estimates: UN Population Division's World Population Prospects 2019 PROVISIONAL estimates. Not for circulation. Subject to change. Mining is included in agriculture 
Electricty and gas includes manufactures of refined petroleoum products","Aruba",
"AFG","South Asia","Low income","Central Statistics Organization; World Bank staff estimates ; Source of population estimates: UN Population Division's World Population Prospects 2019 PROVISIONAL estimates. Not for circulation. Subject to change. 
Fiscal year end: March 20; reporting period for national accounts data is calendar year, estimated to insure consistency between national accounts and fiscal data.","Afghanistan",
"AGO","Sub-Saharan Africa","Lower middle income","IMF ; Source of population estimates: UN Population Division's World Population Prospects 2019 PROVISIONAL estimates. Not for circulation. Subject to change.","Angola",
"ALB","Europe & Central Asia","Upper middle income","Albanian Institute of Statistics ; Source of population estimates: Institute of Statistics, Eurostat","Albania",
"AND","Europe & Central Asia","High income","Government of Andorra, Department of Statistics ; Source of population estimates: United Nations World Population Prospects","Andorra",
"ARB","","","Arab World aggregate. Arab World is composed of members of the League of Arab States.","Arab World",
"ARE","Middle East & North Africa","High income","National Bureau of Statistics & Federal Competitiveness & Statistics Authority ; Source of population estimates: UN Population Division's World Population Prospects 2019 PROVISIONAL estimates. Not for circulation. Subject to change.","United Arab Emirates",
"ARG","Latin America & Caribbean","High income","National Institute of Statistics and Census (INDEC) ; Source of population estimates: UN Population Division's World Population Prospects 2019 PROVISIONAL estimates. Not for circulation. Subject to change.","Argentina",
"ARM","Europe & Central Asia","Upper middle income","National Statistical Service of the Republic of Armenia ; Source of population estimates: UN Population Division's World Population Prospects 2019 PROVISIONAL estimates. Not for circulation. Subject to change.","Armenia",
"ASM","East Asia & Pacific","Upper middle income","BEA: https://www.bea.gov/national/gdp_territory.htm ; Source of population estimates: United Nations World Population Prospects","American Samoa",
"ATG","Latin America & Caribbean","High income","Eastern Caribbean Central Bank ; Source of population estimates: UN Population Division's World Population Prospects 2019 PROVISIONAL estimates. Not for circulation. Subject to change.","Antigua and Barbuda",
"AUS","East Asia & Pacific","High income","ABS (Australian Bureau of Statistics) ; Source of population estimates: Australian Bureau of Statistics. Fiscal year end: June 30; reporting period for national accounts data: FY.","Australia",
"AUT","Europe & Central Asia","High income","OECD (Organization for Economic Cooperation and Development) ; Source of population estimates: Eurostat. A simple multiplier is used to convert the national currencies of EMU members to euros. The following irrevocable euro conversion rate was adopted by the EU Council on January 1, 1999: 1 euro = 13.7603 Austrian schilling. Please note that historical data before 1999 are not actual euros and are not comparable or suitable for aggregation across countries.","Austria",
"AZE","Europe & Central Asia","Upper middle income","The State Statistical Committee of the Republic of Azerbaijan ; Source of population estimates: Eurostat, State Statistical Committee, United Nations World Population Prospects","Azerbaijan",
"BDI","Sub-Saharan Africa","Low income","Statistical Office Burundi and World Bank country economist estimates ; Source of population estimates: UN Population Division's World Population Prospects 2019 PROVISIONAL estimates. Not for circulation. Subject to change.","Burundi",
"BEL","Europe & Central Asia","High income","OECD (Organization for Economic Cooperation and Development) ; Source of population estimates: Eurostat. A simple multiplier is used to convert the national currencies of EMU members to euros. The following irrevocable euro conversion rate was adopted by the EU Council on January 1, 1999: 1 euro = 40.3399 Belgian franc. Please note that historical data before 1999 are not actual euros and are not comparable or suitable for aggregation across countries.","Belgium",
"BEN","Sub-Saharan Africa","Low income","Government of Benin  ; Source of population estimates: UN Population Division's World Population Prospects 2019 PROVISIONAL estimates. Not for circulation. Subject to change.","Benin",
"BFA","Sub-Saharan Africa","Low income","National forecast tool (Instrument Automatise de Prevision).  ; Source of population estimates: UN Population Division's World Population Prospects 2019 PROVISIONAL estimates. Not for circulation. Subject to change.","Burkina Faso",
"BGD","South Asia","Lower middle income","National Account Data from Bangladesh Bureau of Statistics (BBS) ; Source of population estimates: UN Population Division's World Population Prospects 2019 PROVISIONAL estimates. Not for circulation. Subject to change. Fiscal year end: June 30; reporting period for national accounts data: FY.","Bangladesh",
"BGR","Europe & Central Asia","Upper middle income","Eurostat & Republic of Bulgaria National Statistical institute ; Source of population estimates: Eurostat","Bulgaria",
"BHR","Middle East & North Africa","High income","Central Bank of Bahrain & Cetral Informatic Organization - Information & eGovernment Authority and Haver Analytics, Inc. (Haver's source: Central Informatics Organization) ; Source of population estimates: UN Population Division's World Population Prospects 2019 PROVISIONAL estimates. Not for circulation. Subject to change.","Bahrain",
"BHS","Latin America & Caribbean","High income","Department of Statistics of Bahamas ; Source of population estimates: UN Population Division's World Population Prospects 2019 PROVISIONAL estimates. Not for circulation. Subject to change.","Bahamas, The",
"BIH","Europe & Central Asia","Upper middle income","Agency for Statistics of Bosnia and Herzegovina ; Source of population estimates: UN Population Division's World Population Prospects 2019 PROVISIONAL estimates. Not for circulation. Subject to change.","Bosnia and Herzegovina",
"BLR","Europe & Central Asia","Upper middle income","National Statistical Committee of the Republic of Belarus ; Source of population estimates: National Statistical Committee of the Republic of Belarus. Data before 2015 were adjusted to reflect the new denomination effective from July 1, 2016 (BYN), a decrease of 10,000 times (1 BYN = 10,000 BYR)","Belarus",
"BLZ","Latin America & Caribbean","Upper middle income","Central Bank of Belize ; Source of population estimates: UN Population Division's World Population Prospects 2019 PROVISIONAL estimates. Not for circulation. Subject to change.","Belize",
"BMU","North America","High income","Source of population estimates: Bermuda Government Department of Statistics","Bermuda",
"BOL","Latin America & Caribbean","Lower middle income","National Institute of Statistics (INE) and Central Bank of Bolivia ; Source of population estimates: UN Population Division's World Population Prospects 2019 PROVISIONAL estimates. Not for circulation. Subject to change.","Bolivia",
"BRA","Latin America & Caribbean","Upper middle income","Brazilian Statistics Institute (IBGE) ; Source of population estimates: UN Population Division's World Population Prospects 2019 PROVISIONAL estimates. Not for circulation. Subject to change.","Brazil",
"BRB","Latin America & Caribbean","High income","Barbados Statistical Office ; Source of population estimates: UN Population Division's World Population Prospects 2019 PROVISIONAL estimates. Not for circulation. Subject to change.","Barbados",
"BRN","East Asia & Pacific","High income","Economic Planning and Development - Prime Minister's office ; Source of population estimates: UN Population Division's World Population Prospects 2019 PROVISIONAL estimates. Not for circulation. Subject to change.","Brunei Darussalam",
"BTN","South Asia","Lower middle income","National Statistics Bureau of Bhutan ; Source of population estimates: UN Population Division's World Population Prospects 2019 PROVISIONAL estimates. Not for circulation. Subject to change.","Bhutan",
"BWA","Sub-Saharan Africa","Upper middle income","Financial Statistics Bank of Botswana and World Bank staff estimates. ; Source of population estimates: UN Population Division's World Population Prospects 2019 PROVISIONAL estimates. Not for circulation. Subject to change. Fiscal year end: March 31; reporting period for national accounts data: CY.","Botswana",
"CAF","Sub-Saharan Africa","Low income","IMF, Authorities and Bank staff estimates ; Source of population estimates: UN Population Division's World Population Prospects 2019 PROVISIONAL estimates. Not for circulation. Subject to change.","Central African Republic",
"CAN","North America","High income","OECD (Organization for Economic Cooperation and Development) ; Source of population estimates: Statistics Canada. Fiscal year end: March 31; reporting period for national accounts data: CY.","Canada",
"CEB","","","Central Europe and the Baltics aggregate.","Central Europe and the Baltics",
"CHE","Europe & Central Asia","High income","OECD (Organization for Economic Cooperation and Development) ; Source of population estimates: Eurostat","Switzerland",
"CHI","Europe & Central Asia","High income","Source of population estimates: UN Population Division's World Population Prospects 2019 PROVISIONAL estimates. Not for circulation. Subject to change.","Channel Islands",
"CHL","Latin America & Caribbean","High income","Central Bank of Chile ; Source of population estimates: UN Population Division's World Population Prospects 2019 PROVISIONAL estimates. Not for circulation. Subject to change. Before 1996, for current series, components of value added and missed series of expenditure side have been calculated using structural ratios of the files and previous base years.","Chile",
"CHN","East Asia & Pacific","Upper middle income","NBS - National Bureau of Statistics and Bank's country office ; Source of population estimates: National Bureau of Statistics. On 1 July 1997 China resumed its exercise of sovereignty over Hong Kong; and on 20 December 1999 China resumed its exercise of sovereignty over Macao. Unless otherwise noted, data for China do not include data for Hong Kong SAR, China; Macao SAR, China; or Taiwan, China. The new base year is 2015.","China",
"CIV","Sub-Saharan Africa","Lower middle income","MPMEF / Direction Générale de l'Economie / Direction de la Conjoncture et de la Prévision Economiques, Institut National de la Statistique (INS). ; Source of population estimates: UN Population Division's World Population Prospects 2019 PROVISIONAL estimates. Not for circulation. Subject to change.","Côte d'Ivoire",
"CMR","Sub-Saharan Africa","Lower middle income","National Institute of Statistics, World Bank staff estimates ; Source of population estimates: UN Population Division's World Population Prospects 2019 PROVISIONAL estimates. Not for circulation. Subject to change.","Cameroon",
"COD","Sub-Saharan Africa","Low income","Authorities ; Source of population estimates: UN Population Division's World Population Prospects 2019 PROVISIONAL estimates. Not for circulation. Subject to change.","Congo, Dem. Rep.",
"COG","Sub-Saharan Africa","Lower middle income","Government Authorities  ; Source of population estimates: UN Population Division's World Population Prospects 2019 PROVISIONAL estimates. Not for circulation. Subject to change.","Congo, Rep.",
"COL","Latin America & Caribbean","Upper middle income","Administrative Department of National Statistics (DANE) ; Source of population estimates: UN Population Division's World Population Prospects 2019 PROVISIONAL estimates. Not for circulation. Subject to change.","Colombia",
"COM","Sub-Saharan Africa","Low income","Authorities and IMF Figures ; Source of population estimates: UN Population Division's World Population Prospects 2019 PROVISIONAL estimates. Not for circulation. Subject to change. Base year change from 1990 to 2007 -  national data revised.","Comoros",
"CPV","Sub-Saharan Africa","Lower middle income","Institute of National Statistics Cabo Verde. ; Source of population estimates: UN Population Division's World Population Prospects 2019 PROVISIONAL estimates. Not for circulation. Subject to change.","Cabo Verde",
"CRI","Latin America & Caribbean","Upper middle income","Central Bank of Costa Rica ; Source of population estimates: UN Population Division's World Population Prospects 2019 PROVISIONAL estimates. Not for circulation. Subject to change. National accounts are revised from 1991 to 2015 using SNA 2008 based on official government data. The new reference year is 2012. The country uses chain linked methedology.","Costa Rica",
"CSS","","","","Caribbean small states",
"CUB","Latin America & Caribbean","Upper middle income","National Office of Statistics ; Source of population estimates: UN Population Division's World Population Prospects 2019 PROVISIONAL estimates. Not for circulation. Subject to change.","Cuba",
"CUW","Latin America & Caribbean","High income","Central Bureau of Statistics ; Source of population estimates: Central bureau of Statistics","Curaçao",
"CYM","Latin America & Caribbean","High income","Statistical office of Cayman Island ; Source of population estimates: United Nations World Population Prospects","Cayman Islands",
"CYP","Europe & Central Asia","High income","Statistical Service of Republic of Cyprus ; Source of population estimates: UN Population Division's World Population Prospects 2019 PROVISIONAL estimates. Not for circulation. Subject to change. A simple multiplier is used to convert the national currencies of EMU members to euros. The following irrevocable euro conversion rate entered into force on January 1, 2008: 1 euro = 0.585274 Cyprus pounds. Please note that historical data are not actual euros and are not comparable or suitable for aggregation across countries.","Cyprus",
"CZE","Europe & Central Asia","High income","OECD (Organization for Economic Cooperation and Development) ; Source of population estimates: Eurostat","Czech Republic",
"DEU","Europe & Central Asia","High income","OECD (Organization for Economic Cooperation and Development) ; Source of population estimates: Eurostat. A simple multiplier is used to convert the national currencies of EMU members to euros. The following irrevocable euro conversion rate was adopted by the EU Council on January 1, 1999: 1 euro = 1.95583 German mark. Please note that historical data before 1999 are not actual euros and are not comparable or suitable for aggregation across countries.","Germany",
"DJI","Middle East & North Africa","Lower middle income","Source of population estimates: UN Population Division's World Population Prospects 2019 PROVISIONAL estimates. Not for circulation. Subject to change.","Djibouti",
"DMA","Latin America & Caribbean","Upper middle income","Eastern Caribbean Central Bank ; Source of population estimates: United Nations World Population Prospects","Dominica",
"DNK","Europe & Central Asia","High income","OECD (Organization for Economic Cooperation and Development) ; Source of population estimates: Eurostat","Denmark",
"DOM","Latin America & Caribbean","Upper middle income","Central Bank of the Dominican Republic ; Source of population estimates: UN Population Division's World Population Prospects 2019 PROVISIONAL estimates. Not for circulation. Subject to change.","Dominican Republic",
"DZA","Middle East & North Africa","Upper middle income","Office National des Statistiques (ONS) ; Source of population estimates: UN Population Division's World Population Prospects 2019 PROVISIONAL estimates. Not for circulation. Subject to change.","Algeria",
"EAP","","","East Asia and Pacific regional aggregate (does not include high-income economies).","East Asia & Pacific (excluding high income)",
"EAR","","","Early-dividend countries are mostly lower-middle-income countries further along the fertility transition. Fertility rates have fallen below four births per woman and the working-age share of the population is likely rising considerably.","Early-demographic dividend",
"EAS","","","East Asia and Pacific regional aggregate (includes all income levels).","East Asia & Pacific",
"ECA","","","Europe and Central Asia regional aggregate (does not include high-income economies).","Europe & Central Asia (excluding high income)",
"ECS","","","Europe and Central Asia regional aggregate (includes all income levels).","Europe & Central Asia",
"ECU","Latin America & Caribbean","Upper middle income","Central Bank of Ecuador ; Source of population estimates: UN Population Division's World Population Prospects 2019 PROVISIONAL estimates. Not for circulation. Subject to change.","Ecuador",
"EGY","Middle East & North Africa","Lower middle income","Ministry of Planning, Monitoring and Administrative Reform and the Central Bank of Egypt ; Source of population estimates: UN Population Division's World Population Prospects 2019 PROVISIONAL estimates. Not for circulation. Subject to change.","Egypt, Arab Rep.",
"EMU","","","Euro area aggregate.","Euro area",
"ERI","Sub-Saharan Africa","Low income","Source of population estimates: UN Population Division's World Population Prospects 2019 PROVISIONAL estimates. Not for circulation. Subject to change.","Eritrea",
"ESP","Europe & Central Asia","High income","OECD (Organization for Economic Cooperation and Development) ; Source of population estimates: Eurostat. A simple multiplier is used to convert the national currencies of EMU members to euros. The following irrevocable euro conversion rate was adopted by the EU Council on January 1, 1999: 1 euro = 166.386 Spanish peseta. Please note that historical data before 1999 are not actual euros and are not comparable or suitable for aggregation across countries.","Spain",
"EST","Europe & Central Asia","High income","OECD (Organization for Economic Cooperation and Development) ; Source of population estimates: Eurostat. A simple multiplier is used to convert the national currencies of EMU members to euros. The following irrevocable euro conversion rate entered into force on January 1, 2011: 1 euro = 15.6466 Estonian kroon. Please note that historical data are not actual euros and are not comparable or suitable for aggregation across countries.","Estonia",
"ETH","Sub-Saharan Africa","Low income","Ministry of Finance and Economic Cooperation ; Source of population estimates: UN Population Division's World Population Prospects 2019 PROVISIONAL estimates. Not for circulation. Subject to change. Fiscal year end: July 7; reporting period for national accounts data: FY.","Ethiopia",
"EUU","","","European Union aggregate.","European Union",
"FCS","","","Fragile and conflict affected situations aggregate. Countries with fragile situations are primarily International Development Association-eligible countries and nonmember or inactive countries and territories with a 3.2 or lower harmonized average of the World Bank's Country Policy and Institutional Assessment rating and the corresponding rating by a regional development bank, or that have had a UN or regional peacebuilding and political mission (for example by the African Union, European Union, or Organization of American States) or peacekeeping mission (for example, by the African Union, European Union, North Atlantic Treaty Organization, or Organization of American States) during the last three years. The group excludes IBRD countries (for which the CPIA scores are not publically disclosed); unless there is the presence of a peace-keeping or political/peacebuilding mission. This definition is pursuant to an agreement between the World Bank and other multilateral development banks at the start of the International Development Association 15 round in 2007. The list of countries and territories with fragile situations is imperfect and used here to reflect a complex concept. The World Bank continues to work with partners and client countries to refine the concept.","Fragile and conflict affected situations",
"FIN","Europe & Central Asia","High income","OECD (Organization for Economic Cooperation and Development) ; Source of population estimates: Eurostat. A simple multiplier is used to convert the national currencies of EMU members to euros. The following irrevocable euro conversion rate was adopted by the EU Council on January 1, 1999: 1 euro = 5.94573 Finnish markka. Please note that historical data before 1999 are not actual euros and are not comparable or suitable for aggregation across countries.","Finland",
"FJI","East Asia & Pacific","Upper middle income","Fiji Bureau of Statistics - Under Review ; Source of population estimates: UN Population Division's World Population Prospects 2019 PROVISIONAL estimates. Not for circulation. Subject to change.","Fiji",
"FRA","Europe & Central Asia","High income","OECD (Organization for Economic Cooperation and Development) ; Source of population estimates: Eurostat, United Nations World Population Prospects. Including the French overseas departments of French Guiana, Guadeloupe, Martinique, Réunion, as well as Mayotte. A simple multiplier is used to convert the national currencies of EMU members to euros. The following irrevocable euro conversion rate was adopted by the EU Council on January 1, 1999: 1 euro = 6.55957 French franc. Please note that historical data before 1999 are not actual euros and are not comparable or suitable for aggregation across countries.","France",
"FRO","Europe & Central Asia","High income","Statistics Faroe Islands ; Source of population estimates: United Nations World Population Prospects","Faroe Islands",
"FSM","East Asia & Pacific","Lower middle income","IMF Article IV  ; Source of population estimates: UN Population Division's World Population Prospects 2019 PROVISIONAL estimates. Not for circulation. Subject to change. Fiscal year ends on September 30; reporting period for national accounts data: FY. Based on the Pacific and Virgin Islands Training Initiative, national accounts data have been revised.","Micronesia, Fed. Sts.",
"GAB","Sub-Saharan Africa","Upper middle income","“Direction Générale de l'Economie et de la Politique Fiscale - Ministère de l'Economie», IMF Article IV ; Source of population estimates: UN Population Division's World Population Prospects 2019 PROVISIONAL estimates. Not for circulation. Subject to change.","Gabon",
"GBR","Europe & Central Asia","High income","OECD (Organization for Economic Cooperation and Development) ; Source of population estimates: Eurostat","United Kingdom",
"GEO","Europe & Central Asia","Lower middle income","Geostat ; Source of population estimates: GeoStats. Includes self-governed areas only, which mostly exclude Abkhazia and South Ossetia, but small areas in Abkhazia and South Ossetia are included before 2008 or 2009 because of the changes in self-governed areas.","Georgia",
"GHA","Sub-Saharan Africa","Lower middle income","Bureau of Statistics ; Source of population estimates: UN Population Division's World Population Prospects 2019 PROVISIONAL estimates. Not for circulation. Subject to change.","Ghana",
"GIB","Europe & Central Asia","High income","","Gibraltar",
"GIN","Sub-Saharan Africa","Low income","Guinean authorities ; Source of population estimates: UN Population Division's World Population Prospects 2019 PROVISIONAL estimates. Not for circulation. Subject to change.","Guinea",
"GMB","Sub-Saharan Africa","Low income","Authorities National accounts and IMF ; Source of population estimates: UN Population Division's World Population Prospects 2019 PROVISIONAL estimates. Not for circulation. Subject to change.","Gambia, The",
"GNB","Sub-Saharan Africa","Low income","Ministry of Finance ; Source of population estimates: UN Population Division's World Population Prospects 2019 PROVISIONAL estimates. Not for circulation. Subject to change.","Guinea-Bissau",
"GNQ","Sub-Saharan Africa","Upper middle income","National Statistical Agency (INEGE) ; Source of population estimates: UN Population Division's World Population Prospects 2019 PROVISIONAL estimates. Not for circulation. Subject to change.","Equatorial Guinea",
"GRC","Europe & Central Asia","High income","OECD (Organization for Economic Cooperation and Development) ; Source of population estimates: Eurostat. A simple multiplier is used to convert the national currencies of EMU members to euros. The following irrevocable euro conversion rate was adopted by the EU Council on January 1, 1999: 1 euro = 340.75 Greek drachma. Please note that historical data before 1999 are not actual euros and are not comparable or suitable for aggregation across countries.","Greece",
"GRD","Latin America & Caribbean","Upper middle income","Eastern Caribbean Central Bank ; Source of population estimates: UN Population Division's World Population Prospects 2019 PROVISIONAL estimates. Not for circulation. Subject to change.","Grenada",
"GRL","Europe & Central Asia","High income","Source of population estimates: Statistics Greenland","Greenland",
"GTM","Latin America & Caribbean","Upper middle income","Central Bank of Guatemala ; Source of population estimates: UN Population Division's World Population Prospects 2019 PROVISIONAL estimates. Not for circulation. Subject to change.","Guatemala",
"GUM","East Asia & Pacific","High income","Bureau of Economic Analysis (BEA) ; Source of population estimates: UN Population Division's World Population Prospects 2019 PROVISIONAL estimates. Not for circulation. Subject to change.","Guam",
"GUY","Latin America & Caribbean","Upper middle income","Ministry of Finance ; Source of population estimates: UN Population Division's World Population Prospects 2019 PROVISIONAL estimates. Not for circulation. Subject to change.","Guyana",
"HIC","","","High income group aggregate. High-income economies are those in which 2017 GNI per capita was $12,055 or more.","High income",
"HKG","East Asia & Pacific","High income","Census and Statistics Department ; Source of population estimates: Census and Statistics Department. On 1 July 1997 China resumed its exercise of sovereignty over Hong Kong. Unless otherwise noted, data for China do not include data for Hong Kong SAR, China; Macao SAR, China; or Taiwan, China. Agriculture value added includes mining and quarrying.","Hong Kong SAR, China",
"HND","Latin America & Caribbean","Lower middle income","Central Bank of Honduras ; Source of population estimates: UN Population Division's World Population Prospects 2019 PROVISIONAL estimates. Not for circulation. Subject to change.","Honduras",
"HPC","","","Heavily indebted poor countries aggregate.","Heavily indebted poor countries (HIPC)",
"HRV","Europe & Central Asia","High income","Croatian Bureau of Statistics ; Source of population estimates: Croatian Bureau of Statistics, Eurostat","Croatia",
"HTI","Latin America & Caribbean","Low income","Haiti National Insitute of Statistics and Informatics ; Source of population estimates: UN Population Division's World Population Prospects 2019 PROVISIONAL estimates. Not for circulation. Subject to change. Fiscal year end: September 30; reporting period for national accounts data: FY.","Haiti",
"HUN","Europe & Central Asia","High income","OECD (Organization for Economic Cooperation and Development) ; Source of population estimates: Eurostat","Hungary",
"IBD","","","IBRD only group aggregate.","IBRD only",
"IBT","","","IDA and IBRD total group aggregate (includes IDA only, IDA blend, and IBRD only).","IDA & IBRD total",
"IDA","","","IDA total group aggregate (includes IDA only and IDA blend).","IDA total",
"IDB","","","IDA blend group aggregate.","IDA blend",
"IDN","East Asia & Pacific","Lower middle income","BPS (Badan Pusat Statistik) and Bank's country Office ; Source of population estimates: UN Population Division's World Population Prospects 2019 PROVISIONAL estimates. Not for circulation. Subject to change. Fiscal year end: March 31; reporting period for national accounts data: CY. Data for Indonesia include Timor-Leste through 1999 unless otherwise noted. Statistics Indonesia revised national accounts based on SNA2008. The base year is 2010. Price valuation is in basic prices.","Indonesia",
"IDX","","","IDA only group aggregate.","IDA only",
"IMN","Europe & Central Asia","High income","Source of population estimates: UN Population Division's World Population Prospects 2017 estimates. Subject to change.","Isle of Man",
"IND","South Asia","Lower middle income","Central Statistics Office ; Source of population estimates: UN Population Division's World Population Prospects 2019 PROVISIONAL estimates. Not for circulation. Subject to change. Fiscal year end: March 31; reporting period for national accounts data: FY. Based on official government statistics; the new base year is 2011/12. India reports using SNA 2008.","India",
"IRL","Europe & Central Asia","High income","OECD (Organization for Economic Cooperation and Development) ; Source of population estimates: Eurostat. A simple multiplier is used to convert the national currencies of EMU members to euros. The following irrevocable euro conversion rate was adopted by the EU Council on January 1, 1999: 1 euro = 0.787564 Irish pound. Please note that historical data before 1999 are not actual euros and are not comparable or suitable for aggregation across countries.","Ireland",
"IRN","Middle East & North Africa","Upper middle income","Central Bank of Iran, Economic Research & Policy Department ; Source of population estimates: UN Population Division's World Population Prospects 2019 PROVISIONAL estimates. Not for circulation. Subject to change. Fiscal year end: March 20; reporting period for national accounts data: FY. Based on data from the Central Bank of Iran, the new base year is 2011/12.","Iran, Islamic Rep.",
"IRQ","Middle East & North Africa","Upper middle income","Iraqi Authorities ; Source of population estimates: UN Population Division's World Population Prospects 2019 PROVISIONAL estimates. Not for circulation. Subject to change.","Iraq",
"ISL","Europe & Central Asia","High income","OECD (Organization for Economic Cooperation and Development) ; Source of population estimates: Eurostat","Iceland",
"ISR","Middle East & North Africa","High income","OECD (Organization for Economic Cooperation and Development) ; Source of population estimates: Central Bureau of Statistics","Israel",
"ITA","Europe & Central Asia","High income","OECD (Organization for Economic Cooperation and Development) ; Source of population estimates: Eurostat. A simple multiplier is used to convert the national currencies of EMU members to euros. The following irrevocable euro conversion rate was adopted by the EU Council on January 1, 1999: 1 euro = 1936.27 Italian lira. Please note that historical data before 1999 are not actual euros and are not comparable or suitable for aggregation across countries.","Italy",
"JAM","Latin America & Caribbean","Upper middle income","Statistical Institute of Jamaica ; Source of population estimates: UN Population Division's World Population Prospects 2019 PROVISIONAL estimates. Not for circulation. Subject to change.","Jamaica",
"JOR","Middle East & North Africa","Upper middle income","Department of Statistics, Jordan and Central Bank of Jordan ; Source of population estimates: UN Population Division's World Population Prospects 2019 PROVISIONAL estimates. Not for circulation. Subject to change.","Jordan",
"JPN","East Asia & Pacific","High income","OECD (Organization for Economic Cooperation and Development) ; Source of population estimates: Ministry of Internal Affairs and Communications, Statistics Bureau; United Nations Population and Vital Statistics Report. Fiscal year end: March 31; reporting period for national accounts data: CY.","Japan",
"KAZ","Europe & Central Asia","Upper middle income","Statistical Office of Kazakhstan; National Bank of Kazakhstan ; Source of population estimates: Statistical Agency of Kazakhstan, 1979 Census, 1989 Census, United Nations World Population Prospects","Kazakhstan",
"KEN","Sub-Saharan Africa","Lower middle income","Statistics Bureau of Kenya ; Source of population estimates: UN Population Division's World Population Prospects 2019 PROVISIONAL estimates. Not for circulation. Subject to change. Fiscal year end: June 30; reporting period for national accounts data: CY.","Kenya",
"KGZ","Europe & Central Asia","Lower middle income","National Statistical Committee of the Kyrgyz Republic ; Source of population estimates: National Statistical Committee","Kyrgyz Republic",
"KHM","East Asia & Pacific","Lower middle income","National Institute of Statistics, Ministry of Planning  ; Source of population estimates: UN Population Division's World Population Prospects 2019 PROVISIONAL estimates. Not for circulation. Subject to change.","Cambodia",
"KIR","East Asia & Pacific","Lower middle income","IMF Article IV and Bank's country office - Under Review ; Source of population estimates: UN Population Division's World Population Prospects 2019 PROVISIONAL estimates. Not for circulation. Subject to change. Based on IMF and World Bank Country team, GDP in current and constant prices have been revised.","Kiribati",
"KNA","Latin America & Caribbean","High income","Eastern Caribbean Central Bank ; Source of population estimates: United Nations World Population Prospects","St. Kitts and Nevis",
"KOR","East Asia & Pacific","High income","Korean Statistical Information Service.  Central Bank of Korea: http://ecos.bok.or.kr/flex/EasySearch_e.jsp; Korean Statistical Information Service ; Source of population estimates: Korean Statistical Information Service. The new base year is 2010. GDP data are available from 1970 onward while components are revised from 2000 onward only. Historical data in constant prices are linked to preserve growth rates.","Korea, Rep.",
"KWT","Middle East & North Africa","High income","Central Statistical Bureau ; Source of population estimates: United Nations World Population Prospects. Fiscal year end: June 30; reporting period for national accounts data: CY.","Kuwait",
"LAC","","","","Latin America & Caribbean (excluding high income)",
"LAO","East Asia & Pacific","Lower middle income","Lao Statistics Bureau  ; Source of population estimates: UN Population Division's World Population Prospects 2019 PROVISIONAL estimates. Not for circulation. Subject to change.","Lao PDR",
"LBN","Middle East & North Africa","Upper middle income","Central Administration of Statistics ; Source of population estimates: UN Population Division's World Population Prospects 2019 PROVISIONAL estimates. Not for circulation. Subject to change.","Lebanon",
"LBR","Sub-Saharan Africa","Low income","IMF and authoriies ; Source of population estimates: UN Population Division's World Population Prospects 2019 PROVISIONAL estimates. Not for circulation. Subject to change. National accounts local currency data have been revised to be reported in U.S. dollars instead of Liberian dollars. Pre-2000 data will be revised further for consistency and quality purpose.","Liberia",
"LBY","Middle East & North Africa","Upper middle income","No official data available - Staff estimates ; Source of population estimates: UN Population Division's World Population Prospects 2019 PROVISIONAL estimates. Not for circulation. Subject to change.","Libya",
"LCA","Latin America & Caribbean","Upper middle income","Central Stastical Office ; Source of population estimates: UN Population Division's World Population Prospects 2019 PROVISIONAL estimates. Not for circulation. Subject to change.","St. Lucia",
"LCN","","","","Latin America & Caribbean",
"LDC","","","","Least developed countries: UN classification",
"LIC","","","","Low income",
"LIE","Europe & Central Asia","High income","Source of population estimates: United Nations World Population Prospects","Liechtenstein",
"LKA","South Asia","Lower middle income","Central Bank of Sri Lanka; Registrar General's Department, Department of Census and Statistics ; Source of population estimates: Department of Census and Statistics Sri Lanka, United Nations World Population Prospects","Sri Lanka",
"LMC","","","","Lower middle income",
"LMY","","","","Low & middle income",
"LSO","Sub-Saharan Africa","Lower middle income","Bureau of Statistics Lesotho National Accounts ; Source of population estimates: UN Population Division's World Population Prospects 2019 PROVISIONAL estimates. Not for circulation. Subject to change. Fiscal year end: March 31; reporting period for national accounts data: CY. The new base year is 2012.","Lesotho",
"LTE","","","","Late-demographic dividend",
"LTU","Europe & Central Asia","High income","OECD (Organization for Economic Cooperation and Development) ; Source of population estimates: Eurostat. A simple multiplier is used to convert the national currencies of EMU members to euros. The following irrevocable euro conversion rate entered into force on January 1, 2015: 1 euro = 3.45280 Lithuanian litas. Please note that historical data are not actual euros and are not comparable or suitable for aggregation across countries. Based on data from EUROSTAT, the new reference year is 2010.","Lithuania",
"LUX","Europe & Central Asia","High income","OECD (Organization for Economic Cooperation and Development) ; Source of population estimates: Eurostat. A simple multiplier is used to convert the national currencies of EMU members to euros. The following irrevocable euro conversion rate was adopted by the EU Council on January 1, 1999: 1 euro = 40.3399 Luxembourg franc. Please note that historical data before 1999 are not actual euros and are not comparable or suitable for aggregation across countries.","Luxembourg",
"LVA","Europe & Central Asia","High income","OECD (Organization for Economic Cooperation and Development) ; Source of population estimates: Eurostat. A simple multiplier is used to convert the national currencies of EMU members to euros. The following irrevocable euro conversion rate entered into force on January 1, 2014: 1 euro = 0.702804 Latvian lats. Please note that historical data are not actual euros and are not comparable or suitable for aggregation across countries. Based on data from EUROSTAT, the new reference year is 2010.","Latvia",
"MAC","East Asia & Pacific","High income","DSEC ; Source of population estimates: UN Population Division's World Population Prospects 2019 PROVISIONAL estimates. Not for circulation. Subject to change. On 20 December 1999 China resumed its exercise of sovereignty over Macao. Unless otherwise noted, data for China do not include data for Hong Kong SAR, China; Macao SAR, China; or Taiwan, China.","Macao SAR, China",
"MAF","Latin America & Caribbean","High income","Source of population estimates: U.S. Census Bureau","St. Martin (French part)",
"MAR","Middle East & North Africa","Lower middle income","Haut Commissariat au Plan, Morocco ; Source of population estimates: UN Population Division's World Population Prospects 2019 PROVISIONAL estimates. Not for circulation. Subject to change.","Morocco",
"MCO","Europe & Central Asia","High income","Source of population estimates: United Nations World Population Prospects","Monaco",
"MDA","Europe & Central Asia","Lower middle income","Source of population estimates: National Bureau of Statistics. Excluding Transnistria. For 1950-94, World Bank estimates using UN World Population Prospects' growth rates of whole Moldova.","Moldova",
"MDG","Sub-Saharan Africa","Low income","IMF, authorities and WB staff estimates ; Source of population estimates: UN Population Division's World Population Prospects 2019 PROVISIONAL estimates. Not for circulation. Subject to change.","Madagascar",
"MDV","South Asia","Upper middle income","National Bureau of Statistics, Ministry of Finance and Treasury ; Source of population estimates: UN Population Division's World Population Prospects 2019 PROVISIONAL estimates. Not for circulation. Subject to change.","Maldives",
"MEA","","","Middle East and North Africa regional aggregate (includes all income levels).","Middle East & North Africa",
"MEX","Latin America & Caribbean","Upper middle income","National Statistics Office (INEGI); Bank of Mexico ; Source of population estimates: UN Population Division's World Population Prospects 2019 PROVISIONAL estimates. Not for circulation. Subject to change.","Mexico",
"MHL","East Asia & Pacific","Upper middle income","IMF Article IV and Bank's country office ; Source of population estimates: United Nations World Population Prospects. Fiscal year ends on September 30; reporting period for national accounts data: FY.","Marshall Islands",
"MIC","","","Middle income group aggregate. Middle-income economies are those in which 2017 GNI per capita was between $996 and $12,055.","Middle income",
"MKD","Europe & Central Asia","Upper middle income","State Statistical Office of the Republic of Macedonia ; Source of population estimates: UN Population Division's World Population Prospects 2019 PROVISIONAL estimates. Not for circulation. Subject to change.","North Macedonia",
"MLI","Sub-Saharan Africa","Low income","IMF ; Source of population estimates: UN Population Division's World Population Prospects 2019 PROVISIONAL estimates. Not for circulation. Subject to change.","Mali",
"MLT","Middle East & North Africa","High income","National Statistics Office ; Source of population estimates: Eurostat. A simple multiplier is used to convert the national currencies of EMU members to euros. The following irrevocable euro conversion rate entered into force on January 1, 2008: 1 euro = 0.4293 Maltese lira. Please note that historical data are not actual euros and are not comparable or suitable for aggregation across countries. National accounts data source from 1995 to 2015 is Eurostat; prior to 1995 is UN. The new reference year is 2010.","Malta",
"MMR","East Asia & Pacific","Lower middle income","Planning Department, Government of Myanmar, IMF BOP ; Source of population estimates: UN Population Division's World Population Prospects 2019 PROVISIONAL estimates. Not for circulation. Subject to change. Fiscal year end: March 31; reporting period for national accounts data: FY.","Myanmar",
"MNA","","","","Middle East & North Africa (excluding high income)",
"MNE","Europe & Central Asia","Upper middle income","Statistical Office of Montenegro ; Source of population estimates: For years after 2000, Statistical Office of Montenegro. For years 1960-1999, growth rates of United Nations World Population Prospects were used to estimate backwards. Montenegro declared independence from Serbia and Montenegro on June 3, 2006. Where available, data for each country are shown separately. However, for Serbia, some indicators continue to include data for Montenegro through 2005.","Montenegro",
"MNG","East Asia & Pacific","Lower middle income","National Statistical office of Mongolia ; Source of population estimates: UN Population Division's World Population Prospects 2019 PROVISIONAL estimates. Not for circulation. Subject to change.","Mongolia",
"MNP","East Asia & Pacific","High income","Source of population estimates: United Nations World Population Prospects","Northern Mariana Islands",
"MOZ","Sub-Saharan Africa","Low income","National Statistics Institute and Bank of Mozambique ; Source of population estimates: UN Population Division's World Population Prospects 2019 PROVISIONAL estimates. Not for circulation. Subject to change.","Mozambique",
"MRT","Sub-Saharan Africa","Lower middle income","ONS – Office National des Statistique ; Source of population estimates: UN Population Division's World Population Prospects 2019 PROVISIONAL estimates. Not for circulation. Subject to change.","Mauritania",
"MUS","Sub-Saharan Africa","Upper middle income","Statistics Mauritius ; Source of population estimates: Statistics Mauritius, United Nations World Population Prospects","Mauritius",
"MWI","Sub-Saharan Africa","Low income","WB Staff estimates and NSO Malawi ; Source of population estimates: UN Population Division's World Population Prospects 2019 PROVISIONAL estimates. Not for circulation. Subject to change. Fiscal year end: March 31; reporting period for national accounts data: CY.","Malawi",
"MYS","East Asia & Pacific","Upper middle income","DOSM (Department of Statistics Malaysia Official Portal) and Bank's country office ; Source of population estimates: UN Population Division's World Population Prospects 2019 PROVISIONAL estimates. Not for circulation. Subject to change.","Malaysia",
"NAC","","","North America regional aggregate. There are no economies in North America classified as low or middle income.","North America",
"NAM","Sub-Saharan Africa","Upper middle income","Annual national accounts Namibia Statistics and World Bank staff estimates ; Source of population estimates: UN Population Division's World Population Prospects 2019 PROVISIONAL estimates. Not for circulation. Subject to change. Fiscal year end: March 31; reporting period for national accounts data: CY.","Namibia",
"NCL","East Asia & Pacific","High income","Source of population estimates: Institute of Statistics and Economic Studies","New Caledonia",
"NER","Sub-Saharan Africa","Low income","Ministry of Economy and Planning  ; Source of population estimates: UN Population Division's World Population Prospects 2019 PROVISIONAL estimates. Not for circulation. Subject to change.","Niger",
"NGA","Sub-Saharan Africa","Lower middle income","National Bureau of Statistics of Nigeria. 
 ; Source of population estimates: UN Population Division's World Population Prospects 2019 PROVISIONAL estimates. Not for circulation. Subject to change.","Nigeria",
"NIC","Latin America & Caribbean","Lower middle income","Central Bank of Nicaragua ; Source of population estimates: UN Population Division's World Population Prospects 2019 PROVISIONAL estimates. Not for circulation. Subject to change.","Nicaragua",
"NLD","Europe & Central Asia","High income","OECD (Organization for Economic Cooperation and Development) ; Source of population estimates: Eurostat. A simple multiplier is used to convert the national currencies of EMU members to euros. The following irrevocable euro conversion rate was adopted by the EU Council on January 1, 1999: 1 euro = 2.20371 Netherlands guilder. Please note that historical data before 1999 are not actual euros and are not comparable or suitable for aggregation across countries.","Netherlands",
"NOR","Europe & Central Asia","High income","OECD (Organization for Economic Cooperation and Development) ; Source of population estimates: Eurostat","Norway",
"NPL","South Asia","Low income","Central Bureau of Statistics, National Planning Commision Secretariat, and Nepal Rastra Bank  ; Source of population estimates: UN Population Division's World Population Prospects 2019 PROVISIONAL estimates. Not for circulation. Subject to change. Fiscal year end: July 14; reporting period for national accounts data: FY.","Nepal",
"NRU","East Asia & Pacific","Upper middle income","IMF Article IV  ; Source of population estimates: United Nations World Population Prospects, IMF and World Bank's country office. Fiscal year end: June 30; reporting period for national accounts data: FY.","Nauru",
"NZL","East Asia & Pacific","High income","OECD (Organization for Economic Cooperation and Development) ; Source of population estimates: Statistics New Zealand. Fiscal year end: March 31; reporting period for national accounts data: CY.","New Zealand",
"OED","","","Aggregations include Lithuania.","OECD members",
"OMN","Middle East & North Africa","High income","National Center for Statistics and Information and Haver Analytics, Inc (Haver's source:  National Center for Statistics & Information) ; Source of population estimates: UN Population Division's World Population Prospects 2019 PROVISIONAL estimates. Not for circulation. Subject to change. National Center for Statistics and Information revised national accounts from 2011 to 2015 based on the SNA 2008. Value added is in basic prices; and before 2011 in producer prices.","Oman",
"OSS","","","","Other small states",
"PAK","South Asia","Lower middle income","Pakistan Bureau of Statistics and Pakistan Economic Survey website ; Source of population estimates: UN Population Division's World Population Prospects 2019 PROVISIONAL estimates. Not for circulation. Subject to change. Fiscal year end: June 30; reporting period for national accounts data: FY.","Pakistan",
"PAN","Latin America & Caribbean","High income","National Institute of Statistics and Census (INEC) ; Source of population estimates: UN Population Division's World Population Prospects 2019 PROVISIONAL estimates. Not for circulation. Subject to change.","Panama",
"PER","Latin America & Caribbean","Upper middle income","National Institute of Statistics and Informatics (INEI) ; Source of population estimates: UN Population Division's World Population Prospects 2019 PROVISIONAL estimates. Not for circulation. Subject to change.","Peru",
"PHL","East Asia & Pacific","Lower middle income","PSA (Philippine Statistics Authority) and Bank's country office ; Source of population estimates: UN Population Division's World Population Prospects 2019 PROVISIONAL estimates. Not for circulation. Subject to change.","Philippines",
"PLW","East Asia & Pacific","High income","IMF Article IV  ; Source of population estimates: United Nations World Population Prospects. Fiscal year ends on September 30; reporting period for national accounts data: FY.","Palau",
"PNG","East Asia & Pacific","Lower middle income","National Statistical Office - Papua New Guinea and IMF. ; Source of population estimates: UN Population Division's World Population Prospects 2019 PROVISIONAL estimates. Not for circulation. Subject to change.","Papua New Guinea",
"POL","Europe & Central Asia","High income","Eurostat; Statistics Poland ; Source of population estimates: Eurostat","Poland",
"PRE","","","Pre-dividend countries are mostly low-income countries, lagging in key human development indicators and with current fertility levels above four births per woman. They face very rapid population growth.","Pre-demographic dividend",
"PRI","Latin America & Caribbean","High income","Planning Bord of Puerto Rico ; Source of population estimates: U.S. Census Bureau, 1990 Census. Fiscal year end: June 30; reporting period for national accounts data: FY.","Puerto Rico",
"PRK","East Asia & Pacific","Low income","Source of population estimates: UN Population Division's World Population Prospects 2019 PROVISIONAL estimates. Not for circulation. Subject to change.","Korea, Dem. People's Rep.",
"PRT","Europe & Central Asia","High income","OECD (Organization for Economic Cooperation and Development) ; Source of population estimates: Eurostat. A simple multiplier is used to convert the national currencies of EMU members to euros. The following irrevocable euro conversion rate was adopted by the EU Council on January 1, 1999: 1 euro = 200.482 Portuguese escudo. Please note that historical data before 1999 are not actual euros and are not comparable or suitable for aggregation across countries.","Portugal",
"PRY","Latin America & Caribbean","Upper middle income","Central Bank of Paraguay ; Source of population estimates: UN Population Division's World Population Prospects 2019 PROVISIONAL estimates. Not for circulation. Subject to change.","Paraguay",
"PSE","Middle East & North Africa","Lower middle income","Source of population estimates: World Bank estimates based on data from Palestinian Central Bureau of Statistics, excluding E. Jerusalem. National accounts local currency data are reported in U.S. dollars.","West Bank and Gaza",
"PSS","","","Pacific island small states aggregate.","Pacific island small states",
"PST","","","Post-dividend countries are mostly high-income countries where fertility has transitioned below replacement levels.","Post-demographic dividend",
"PYF","East Asia & Pacific","High income","Source of population estimates: UN Population Division's World Population Prospects 2019 PROVISIONAL estimates. Not for circulation. Subject to change.","French Polynesia",
"QAT","Middle East & North Africa","High income","National Accounts Bulletin, 2018 - Central Statistical Bureau, Kuwait ; Source of population estimates: UN Population Division's World Population Prospects 2019 PROVISIONAL estimates. Not for circulation. Subject to change.","Qatar",
"ROU","Europe & Central Asia","Upper middle income","Eurostat; National Institute of Statistics ; Source of population estimates: Eurostat","Romania",
"RUS","Europe & Central Asia","Upper middle income","Rosstat ; Source of population estimates: Russian Federation Federal State Statistics Service (its January 1st populations were adjusted to mid-year populations by using geometric mean), 1979 Census, 1989 Census.","Russian Federation",
"RWA","Sub-Saharan Africa","Low income","National Institute of Statistics of Rwanda  ; Source of population estimates: UN Population Division's World Population Prospects 2019 PROVISIONAL estimates. Not for circulation. Subject to change.","Rwanda",
"SAS","","","","South Asia",
"SAU","Middle East & North Africa","High income","General Authority for Statistics and Haver Analytics, Inc. (Source for Haver:  General Authority for Statistics) ; Source of population estimates: UN Population Division's World Population Prospects 2019 PROVISIONAL estimates. Not for circulation. Subject to change.","Saudi Arabia",
"SDN","Sub-Saharan Africa","Lower middle income","Source of population estimates: UN Population Division's World Population Prospects 2019 PROVISIONAL estimates. Not for circulation. Subject to change. Demographic data (total population, life expectancy, fertility, child mortality, migration), education series, and HIV prevalence are reported separately for Sudan and South Sudan; see specific notes for other series. National accounts data exclude South Sudan after July 9, 2011. Other data reported for Sudan generally include South Sudan to 2011 unless otherwise noted. External debt data and land-related data (including population density, but excluding surface area after 2010) for all years include South Sudan.","Sudan",
"SEN","Sub-Saharan Africa","Low income","DPEE (Direction de la  Prévision et des Etudes Economique) and ANSD (Agence Nationale de la Statistique et de la Démographie) ; Source of population estimates: UN Population Division's World Population Prospects 2019 PROVISIONAL estimates. Not for circulation. Subject to change.","Senegal",
"SGP","East Asia & Pacific","High income","Monetary Authority of Singapore - Central Bank ; Source of population estimates: Department of Statistics Singapore. Fiscal year end: March 31; reporting period for national accounts data: CY.","Singapore",
"SLB","East Asia & Pacific","Lower middle income","Bank's country office ; Source of population estimates: UN Population Division's World Population Prospects 2019 PROVISIONAL estimates. Not for circulation. Subject to change.","Solomon Islands",
"SLE","Sub-Saharan Africa","Low income","Statistics Sierra Leone, IMF Article IV ; Source of population estimates: UN Population Division's World Population Prospects 2019 PROVISIONAL estimates. Not for circulation. Subject to change. Fiscal year end: June 30; reporting period for national accounts data: CY.","Sierra Leone",
"SLV","Latin America & Caribbean","Lower middle income","Central Bank of El Salvador ; Source of population estimates: UN Population Division's World Population Prospects 2019 PROVISIONAL estimates. Not for circulation. Subject to change.","El Salvador",
"SMR","Europe & Central Asia","High income","Office of Economic Planning, Data Processing and Statistics, Republic of San Marino ; Source of population estimates: United Nations World Population Prospects","San Marino",
"SOM","Sub-Saharan Africa","Low income","The World Bank and Fund Staff Estimates, 2018; (see also: https://www.imf.org/en/News/Articles/2018/07/06/pr18283-somalia-2nd-and-final-review-under-the-staff-monitored-program)
 ; Source of population estimates: UN Population Division's World Population Prospects 2019 PROVISIONAL estimates. Not for circulation. Subject to change.","Somalia",
"SRB","Europe & Central Asia","Upper middle income","Statistical Office of the Republic of Serbia ; Source of population estimates: Statistical Office of the Republic of Serbia, Eurostat, TransMONEE, Council of Europe. Note: Excluding kosovo. The data for 2015-2017 does not reflect the Statistical Office's revisions that took place in October 2018.
Montenegro declared independence from Serbia and Montenegro on June 3, 2006. Where available, data for each country are shown separately. However, for Serbia, some indicators, such as those series for which data appear only for Serbia and not Montenegro--e.g., aid, environment, external debt, balance of payments, various social indicators excluding population--continue to include data for Montenegro through 2005. Moreover, data from 1999 onward for Serbia for most indicators exclude data for Kosovo, 1999 being the year when Kosovo became a territory under international administration pursuant to UN Security Council Resolution 1244 (1999); any exceptions are noted. Kosovo became a World Bank member on June 29, 2009; available data are shown separately for Kosovo. In 2011, the Statistical Office of Serbia improved the methodology of national accounts data for 2003 onward. Specifically, the classification of sectors was revised. The new reference year for chain linked series is 2010.","Serbia",
"SSA","","","Sub-Saharan Africa regional aggregate (does not include high-income economies).","Sub-Saharan Africa (excluding high income)",
"SSD","Sub-Saharan Africa","Low income","Source of population estimates: UN Population Division's World Population Prospects 2019 PROVISIONAL estimates. Not for circulation. Subject to change. South Sudan declared its independence on July 9, 2011. Data are shown separately for South Sudan where available. Base Year 2009 but country was still part of Sudan (data was unavailable prior to 2011 to avoid double counting.","South Sudan",
"SSF","","","Sub-Saharan Africa regional aggregate (includes all income levels).","Sub-Saharan Africa",
"SST","","","Small states aggregate. Includes 41 members of the Small States Forum. (Does not include the high-income countries Bahrain, Brunei Darussalam, Cyprus, Estonia, Iceland, Malta, Qatar, and San Marino.)","Small states",
"STP","Sub-Saharan Africa","Lower middle income","STP authorities  ; Source of population estimates: UN Population Division's World Population Prospects 2019 PROVISIONAL estimates. Not for circulation. Subject to change.","São Tomé and Principe",
"SUR","Latin America & Caribbean","Upper middle income","General Bureau of Statistics  ; Source of population estimates: UN Population Division's World Population Prospects 2019 PROVISIONAL estimates. Not for circulation. Subject to change.","Suriname",
"SVK","Europe & Central Asia","High income","OECD (Organization for Economic Cooperation and Development) ; Source of population estimates: Eurostat. A simple multiplier is used to convert the national currencies of EMU members to euros. The following irrevocable euro conversion rate entered into force on January 1, 2009: 1 euro = 30.126 Slovak koruna. Please note that historical data are not actual euros and are not comparable or suitable for aggregation across countries.","Slovak Republic",
"SVN","Europe & Central Asia","High income","OECD (Organization for Economic Cooperation and Development) ; Source of population estimates: Eurostat. A simple multiplier is used to convert the national currencies of EMU members to euros. The following irrevocable euro conversion rate entered into force on January 1, 2007: 1 euro = 239.64 Slovenian tolar. Please note that historical data are not actual euros and are not comparable or suitable for aggregation across countries.","Slovenia",
"SWE","Europe & Central Asia","High income","OECD (Organization for Economic Cooperation and Development) ; Source of population estimates: Eurostat. Fiscal year end: June 30; reporting period for national accounts data: CY.","Sweden",
"SWZ","Sub-Saharan Africa","Lower middle income","Central Statistical Office of Swaziland ; Source of population estimates: UN Population Division's World Population Prospects 2019 PROVISIONAL estimates. Not for circulation. Subject to change. Fiscal year end: March 31; reporting period for national accounts data: CY. Authorities revised national accounts from 1999 to 2015.","Eswatini",
"SXM","Latin America & Caribbean","High income","Source of population estimates: Department of Statistics, St. Maarten; US census bureau","Sint Maarten (Dutch part)",
"SYC","Sub-Saharan Africa","High income","National Bureau of Statistics ; Source of population estimates: National Bureau of Statistics","Seychelles",
"SYR","Middle East & North Africa","Low income","Source of population estimates: UN Population Division's World Population Prospects 2019 PROVISIONAL estimates. Not for circulation. Subject to change.","Syrian Arab Republic",
"TCA","Latin America & Caribbean","High income","Source of population estimates: UN Population Division's World Population Prospects 2017 estimates. Subject to change.","Turks and Caicos Islands",
"TCD","Sub-Saharan Africa","Low income","IMF and Chadian authorities ; Source of population estimates: UN Population Division's World Population Prospects 2019 PROVISIONAL estimates. Not for circulation. Subject to change.","Chad",
"TEA","","","East Asia & Pacific (IDA & IBRD countries) aggregate.","East Asia & Pacific (IDA & IBRD)",
"TEC","","","Europe & Central Asia (IDA & IBRD countries) aggregate.","Europe & Central Asia (IDA & IBRD)",
"TGO","Sub-Saharan Africa","Low income","Ministry of Economy and Finance ; Source of population estimates: UN Population Division's World Population Prospects 2019 PROVISIONAL estimates. Not for circulation. Subject to change.","Togo",
"THA","East Asia & Pacific","Upper middle income","NESDB ; Source of population estimates: UN Population Division's World Population Prospects 2019 PROVISIONAL estimates. Not for circulation. Subject to change. Fiscal year end: September 30; reporting period for national accounts data: CY.","Thailand",
"TJK","Europe & Central Asia","Low income","TAJSTAT ; Source of population estimates: UN Population Division's World Population Prospects 2019 PROVISIONAL estimates. Not for circulation. Subject to change.","Tajikistan",
"TKM","Europe & Central Asia","Upper middle income","Statistical Yearbook of Turkmenistan ; Source of population estimates: UN Population Division's World Population Prospects 2019 PROVISIONAL estimates. Not for circulation. Subject to change.","Turkmenistan",
"TLA","","","Latin America & the Caribbean (IDA & IBRD countries) aggregate.","Latin America & Caribbean (IDA & IBRD)",
"TLS","East Asia & Pacific","Lower middle income","Timor -Leste National Accounts from General directorate of Statistics (GDS) ; Source of population estimates: UN Population Division's World Population Prospects 2019 PROVISIONAL estimates. Not for circulation. Subject to change.","Timor-Leste",
"TMN","","","Middle East & North Africa (IDA & IBRD countries) aggregate.","Middle East & North Africa (IDA & IBRD)",
"TON","East Asia & Pacific","Upper middle income","Tonga Department of Statistics ; Source of population estimates: UN Population Division's World Population Prospects 2019 PROVISIONAL estimates. Not for circulation. Subject to change.","Tonga",
"TSA","","","South Asia (IDA & IBRD countries) aggregate.","South Asia (IDA & IBRD)",
"TSS","","","Sub-Saharan Africa (IDA & IBRD countries) aggregate.","Sub-Saharan Africa (IDA & IBRD)",
"TTO","Latin America & Caribbean","High income","Central Bank of Trinidad and Tobago ; Source of population estimates: UN Population Division's World Population Prospects 2019 PROVISIONAL estimates. Not for circulation. Subject to change.","Trinidad and Tobago",
"TUN","Middle East & North Africa","Lower middle income","National Bureau of Statistics, Central Bank, Ministry of Investment Development and International Cooperation (Planning Dept) ; Source of population estimates: UN Population Division's World Population Prospects 2019 PROVISIONAL estimates. Not for circulation. Subject to change.","Tunisia",
"TUR","Europe & Central Asia","Upper middle income","Turkish Statistical Institute ; Source of population estimates: UN Population Division's World Population Prospects 2019 PROVISIONAL estimates. Not for circulation. Subject to change.","Turkey",
"TUV","East Asia & Pacific","Upper middle income","IMF Article IV and The US Graduate School (pitivit.org) ; Source of population estimates: UN Population Division's World Population Prospects 2017 estimates. Subject to change.","Tuvalu",
"TZA","Sub-Saharan Africa","Low income","Tanzania Bureau of Statistics ; Source of population estimates: UN Population Division's World Population Prospects 2019 PROVISIONAL estimates. Not for circulation. Subject to change.","Tanzania",
"UGA","Sub-Saharan Africa","Low income","Uganda Bureau of Statistics for SNA series , Bank of Uganda for Balance of Payments   ; Source of population estimates: UN Population Division's World Population Prospects 2019 PROVISIONAL estimates. Not for circulation. Subject to change. Fiscal year end: June 30; reporting period for national accounts data: FY.","Uganda",
"UKR","Europe & Central Asia","Lower middle income","State Statistics Committee of Ukraine ; Source of population estimates: State Statistics Committee of Ukraine, United Nations World Population Prospects, Council of Europe, United Nations Population and Vital Statistics Report","Ukraine",
"UMC","","","Upper middle income group aggregate. Upper-middle-income economies are those in which 2017 GNI per capita was between $3,896 and $12,055.","Upper middle income",
"URY","Latin America & Caribbean","High income","Central Bank of Uruguay ; Source of population estimates: UN Population Division's World Population Prospects 2019 PROVISIONAL estimates. Not for circulation. Subject to change.","Uruguay",
"USA","North America","High income","OECD (Organization for Economic Cooperation and Development) ; Source of population estimates: U.S. Census Bureau","United States",
"UZB","Europe & Central Asia","Lower middle income","The State Committee of the Republic of Uzbekistan on Statistics ; Source of population estimates: State Committee of the Republic of Uzbekistan on Statistics, United Nations World Population Prospects","Uzbekistan",
"VCT","Latin America & Caribbean","Upper middle income","Eastern Caribbean Central Bank ; Source of population estimates: UN Population Division's World Population Prospects 2019 PROVISIONAL estimates. Not for circulation. Subject to change.","St. Vincent and the Grenadines",
"VEN","Latin America & Caribbean","Upper middle income","Central Bank of Venezuela ; Source of population estimates: UN Population Division's World Population Prospects 2019 PROVISIONAL estimates. Not for circulation. Subject to change.","Venezuela, RB",
"VGB","Latin America & Caribbean","High income","","British Virgin Islands",
"VIR","Latin America & Caribbean","High income","Source of population estimates: U.S. Census Bureau, United Nations Population and Vital Statistics Report","Virgin Islands (U.S.)",
"VNM","East Asia & Pacific","Lower middle income","GSO (General Statistics Office of Vietnam) and Bank's country office ; Source of population estimates: UN Population Division's World Population Prospects 2019 PROVISIONAL estimates. Not for circulation. Subject to change.","Vietnam",
"VUT","East Asia & Pacific","Lower middle income","IMF Article IV  ; Source of population estimates: UN Population Division's World Population Prospects 2019 PROVISIONAL estimates. Not for circulation. Subject to change.","Vanuatu",
"WLD","","","World aggregate.","World",
"WSM","East Asia & Pacific","Upper middle income","IMF Article IV and Bank's country office ; Source of population estimates: UN Population Division's World Population Prospects 2019 PROVISIONAL estimates. Not for circulation. Subject to change. Fiscal year ends on June 30; reporting period for national accounts data: FY. Data are revised from Samoa Bureau of Statistics and Central Bank of Samoa. The base year is 2008/09. Other methodological changes include increased reliance on summary data from the country’s Value Added Goods and Services Tax system, incorporation of more recent benchmarks, and use of improved data sources.","Samoa",
"XKX","Europe & Central Asia","Lower middle income","Kosovo Agency of Statistics ; Source of population estimates: World Bank's Kosovo country office, Kosovo Agency of Statistics, U.S. Census Bureau","Kosovo",
"YEM","Middle East & North Africa","Low income","Figures are based on MFMmod data  ; Source of population estimates: UN Population Division's World Population Prospects 2019 PROVISIONAL estimates. Not for circulation. Subject to change.","Yemen, Rep.",
"ZAF","Sub-Saharan Africa","Upper middle income","(see also: https://www.imf.org/en/News/Articles/2018/07/06/pr18283-somalia-2nd-and-final-review-under-the-staff-monitored-program) ; Source of population estimates: UN Population Division's World Population Prospects 2019 PROVISIONAL estimates. Not for circulation. Subject to change. Fiscal year end: March 31; reporting period for national accounts data: CY.","South Africa",
"ZMB","Sub-Saharan Africa","Lower middle income","Central Statistics Office Zambia, Bank of Zambia ; Source of population estimates: UN Population Division's World Population Prospects 2019 PROVISIONAL estimates. Not for circulation. Subject to change. The base year is 2010. National accounts data were rebased to reflect the January 1, 2013, introduction of the new Zambian kwacha at a rate of 1,000 old kwacha = 1 new kwacha. Zambia reports using SNA 2008.","Zambia",
"ZWE","Sub-Saharan Africa","Low income","Zimstat- Central Statistics Agency ; Source of population estimates: UN Population Division's World Population Prospects 2019 PROVISIONAL estimates. Not for circulation. Subject to change.","Zimbabwe",
